Question,Answer
What mobile phone models does Tecnica Moon offer?,"We currently offer a range of mobile phone models, including MobileX, MobileY, MobileZ. You can find more details on our website."
How can I place an order for a Tecnica Moon mobile phone?,You can place an order through our website ww.tecnicamoon.in  or contact our sales team at ***.
What payment methods are accepted?,"We accept payments through cash, UPI, card providing a secure and convenient shopping experience."
Can I track my order?,"Yes, you can track your order by logging into your account on our website or contacting our customer support team."
What is the warranty policy for Tecnica Moon mobile phones?,"Our mobile phones come with a 1 year duration. For more details, please refer to our warranty policy on the website."
How do I return a product?,"If you need to return a product, please review our return policy on the website and then contact our customer support team for assistance."
What are the shipping costs?,Shipping costs vary based on your location and the shipping method selected during checkout. You can find detailed information on shipping costs on our website.
Are Tecnica Moon mobile phones compatible with  carrier networks?,"Our mobile phones are compatible with a wide range of carriers, including XYZ compatible carriers. Please check the specifications for each model for more details."
How do I set up my new Tecnica Moon mobile phone?,"You can find setup instructions in the user manual provided with your mobile phone. If you need further assistance, feel free to contact our support team."
Is there a customer loyalty program?,"Yes, we offer a customer loyalty program. Details can be found on our website, and you can also contact our customer support for more information."
Can I purchase accessories for Tecnica Moon mobile phones?,"Absolutely! We offer a range of accessories for our mobile phones, including cases, chargers, and more. Check our website for the latest offerings."
How can I update the software on my Tecnica Moon mobile phone?,"Software updates can be performed through the phone's settings. Navigate to ""Settings,"" then ""Software Update"" to ensure you have the latest features and security enhancements."
What is the battery life of Tecnica Moon mobile phones?,The battery life varies by model. You can find specific details in the product specifications on our website or in the user manual provided with your phone.
Are Tecnica Moon mobile phones water-resistant?,Some of our models have water-resistant features. Check the specifications for each model on our website to see if they meet your requirements.
How do I transfer data from my old phone to my new Tecnica Moon phone?,You can transfer data using the phone's built-in migration tools or third-party apps. Refer to the user manual for step-by-step instructions or contact our support team for guidance.
What security features are available on Tecnica Moon mobile phones?,"Our phones come equipped with [mention security features], ensuring the safety of your data. Refer to the product specifications for detailed security information."
Can I order Tecnica Moon mobile phones internationally?,"Yes, we offer international shipping. Check our website for information on supported countries and shipping rates."
How do I contact Tecnica Moon's customer support team?,"You can reach our customer support team through [provide contact details], or visit our website for live chat support during business hours"
Does Tecnica Moon provide software updates for older phone models?,We strive to support our customers by providing software updates when possible. Check our website or contact support for information on updates for specific models.
Can I customize the appearance of my Tecnica Moon mobile phone?,"Yes, we offer various customization options such as themes and wallpapers. Explore the settings menu on your phone for personalization features."
What are the system requirements for running specific applications on Tecnica Moon phones?,Refer to the app's listing on our app store or contact the app developer for detailed system requirements.
How do I extend the battery life of my Tecnica Moon mobile phone?,"To optimize battery life, adjust screen brightness, close unused apps, and disable unnecessary background processes. Refer to the user manual for more tips."
Are there tutorials available for advanced features on Tecnica Moon phones?,"Yes, we provide video tutorials on our website for various advanced features. Visit our support page for a library of helpful videos."
Can I trade in my old Tecnica Moon phone for a discount on a new one?,We offer a trade-in program. Check our website for details on eligible devices and the trade-in process
How do I check for software updates manually on my Tecnica Moon phone?,"Go to ""Settings,"" then ""Software Update,"" and select ""Check for Updates"" to see if there are any available updates for your device."
What should I do if my Tecnica Moon phone is lost or stolen?,"If your phone is lost or stolen, contact our support team immediately. They can assist in securing your account and providing guidance on next steps."
Does Tecnica Moon provide educational discounts for students?,"Yes, we offer educational discounts for eligible students. Check our website or contact our sales team for more information."
How do I reset my Tecnica Moon phone to factory settings?,"You can perform a factory reset in the phone's settings under ""System"" or ""Reset."" Ensure you back up your data before initiating this process."
Are Tecnica Moon phones compatible with virtual reality (VR) apps?,Some of our models support VR applications. Check the specifications on our website to see if your device is VR-compatible.
Can I customize the notification settings on my Tecnica Moon phone?,"Yes, you can customize notification settings in the ""Sound & Notification"" or ""Notifications"" section in your phone's settings."
How do I set up my new Tecnica Moon phone?,"To set up your new phone, follow the on-screen instructions or refer to the user manual provided in the box."
What are the available color options for Tecnica Moon phones?,"Our phones are available in a variety of colors, including black,red,green. Check our website for the latest color options."
How can I transfer my contacts from my old phone to my new Tecnica Moon phone?,"You can transfer contacts using Bluetooth, a SIM card, or by syncing with your Google or Apple account. Refer to the user manual for detailed instructions."
What is the latest model released by Tecnica Moon?,Our latest model is SkyMoonPhone. Visit our website for more information on its features and specifications.
Is there a user forum or community for Tecnica Moon phone users?,"Yes, we have a user forum where you can connect with other Tecnica Moon phone users, ask questions, and share experiences."
How do I check for software updates on my Tecnica Moon phone?,"Go to ""Settings,"" then ""Software Update"" to check for the latest updates. Make sure your phone is connected to the internet for the update process"
What should I do if my phone is not charging?,"Ensure you are using a compatible charger and cable. Try cleaning the charging port and, if the issue persists, contact our support team for assistance."
Can I use third-party apps on Tecnica Moon phones?,"Yes, Tecnica Moon phones support third-party apps. You can download them from our app store or other trusted sources."
How do I enable/disable notifications on my Tecnica Moon phone?,"You can manage notifications in the ""Settings"" app under ""Sound & Notification"" or ""Notifications,"" depending on your phone model."
What is the recommended way to back up my Tecnica Moon phone data?,Use the built-in backup feature in your phone's settings or sync your data with cloud services like Google Drive or iCloud for regular backups.
How do I enable Dark Mode on my Tecnica Moon phone?,"Dark Mode can be enabled in the ""Display"" or ""Themes"" section of your phone's settings, depending on the model."
What is the maximum expandable storage for Tecnica Moon phones?,The maximum expandable storage varies by model. Refer to the product specifications on our website for details.
Is there a warranty for accessories purchased with my Tecnica Moon phone?,"Yes, accessories typically come with a warranty. Check the warranty details provided with each accessory or contact our support team."
an I use a Tecnica Moon phone with a smartwatch from a different brand?,"Yes, Tecnica Moon phones are generally compatible with a wide range of smartwatches. Check for specific compatibility details on the watch manufacturer's website."
How do I find my lost Tecnica Moon phone?,Use the built-in Find My Phone feature or a third-party tracking app. Make sure location services are enabled on your device.
Can I use facial recognition or fingerprint scanning to unlock my Tecnica Moon phone?,"Yes, many of our phones support facial recognition and fingerprint scanning for secure and convenient unlocking. Set up these features in the ""Security"" or ""Biometrics"" settings."
What is the lifespan of the battery in Tecnica Moon phones?,"The battery lifespan varies by usage and model. Generally, batteries can last several years with regular charging. Consider replacing the battery if you experience significant degradation."
How do I update my Tecnica Moon phone's operating system manually?,"Go to ""Settings,"" then ""Software Update,"" and select ""Check for Updates"" to manually initiate the update process."
What is the water resistance rating for Tecnica Moon phones?,The water resistance rating varies by model. Check the product specifications on our website for details on the water resistance of your specific phone.
What are the key features of the latest Tecnica Moon phone model?,"The latest model comes equipped with key features, including specific features like camera capabilities, processor, display technology, etc."
Can I use gesture controls on my Tecnica Moon phone?,"Yes, many of our phones support gesture controls for tasks like navigating through apps, taking screenshots, or silencing calls. Check the ""Gesture"" or ""Motion"" settings for options."
What is the maximum resolution for video recording on Tecnica Moon phones?,The maximum video recording resolution varies by model. Check the camera specifications on our website for details.
Can I expand the storage capacity of my Tecnica Moon phone with a microSD card?,"Yes, many of our phones support expandable storage via a microSD card. Look for a dedicated card slot or check the product specifications for compatibility."
Does my Tecnica Moon phone support 5G connectivity?,"Yes, certain models in our lineup are equipped with 5G capabilities. Refer to the product specifications to see if your device supports 5G."
What are the available biometric security options on Tecnica Moon phones?,"Our phones offer various biometric security options, including facial recognition, fingerprint scanning, and iris scanning. Set up these features in the ""Security"" or ""Biometrics"" settings."
Can I use my Tecnica Moon phone as a mobile hotspot?,"Yes, you can use your phone as a mobile hotspot to share your cellular data connection with other devices. Find this feature in the ""Hotspot"" or ""Tethering"" settings."
What is the difference between the different series of Tecnica Moon phones?,"Our phone series cater to different user needs. The prod1, prod2, prod3 are designed for highlight specific features, e.g., photography, gaming, business. Explore our website for detailed comparisons."
What is the battery capacity of the Tecnica Moon phone model?,"The battery capacity of the model is [ 200 battery capacity, e.g., in mAh]. Check the product specifications for detailed information."
How do I activate the gaming mode on my Tecnica Moon phone for an optimal gaming experience?,"You can activate the gaming mode in the ""Game"" or ""Performance"" settings. This feature enhances performance and minimizes interruptions during gaming sessions."
"Which Tecnica Moon phones support wireless charging, and are there specific charging pads recommended?",ALL Models support wireless charging. Use Qi-compatible charging pads for the best results.
What camera modes are available on the Tecnica Moon phone camera app?,"The camera app offers various modes, including [mention modes like Panorama, Pro Mode, Night Mode, etc.]. Explore the camera app settings for a complete list."
Are Tecnica Moon phones compatible with virtual reality (VR) headsets?,"Yes, certain models are compatible with VR headsets. Look for VR compatibility details in the product specifications on our website."
Can you tell me more about Tecnica Moon as a company and its mission?,"Tecnica Moon is dedicated to  delivering innovative and reliable mobile solutions. Learn more about our story on the ""About Us"" section of our website."
How often does Tecnica Moon release new phone models?,We strive to introduce new phone models regularly to bring the latest technology and features to our users. Keep an eye on our website and social media for announcements.
What sets Tecnica Moon phones apart from other competitors in the market?,"Tecnica Moon phones are known for [mention key differentiators, e.g., cutting-edge technology, sleek design, robust features]. Explore our website for detailed comparisons."
Can you provide information about upcoming Tecnica Moon phone models and their release dates?,Stay tuned for announcements on our official website and social media channels for details about upcoming phone models and their release dates.
How does Tecnica Moon handle sustainability and eco-friendly practices in phone manufacturing?,"Tecnica Moon is committed to sustainable practices. Our phones are designed with [mention eco-friendly features, e.g., recyclable materials, energy-efficient components]. Learn more about our sustainability initiatives on our website."
"Are Tecnica Moon phones compatible with the latest network technologies, such as 5G?","Yes, many of our newer phone models are equipped with 5G capabilities. Check the product specifications on our website for details on network compatibility."
How does Tecnica Moon handle software updates for older phone models?,"We aim to provide software updates for older phone models when possible. However, certain limitations may apply. Check our website for information on software updates for specific models."
"Where is Tecnica Moon headquartered, and does the company have a global presence?","Tecnica Moon is headquartered in [mention location]. While our roots are here, we have a global presence, serving customers in [list countries or regions]."
Can you provide information about the founding year of Tecnica Moon and its history?,"Tecnica Moon was founded in 2023. Learn more about our journey and history on the ""About Us"" page of our official website."
How does Tecnica Moon ensure the privacy and security of user data?,User privacy and data security are paramount at Tecnica Moon. We employ robust encryption measures and adhere to strict privacy policies outlined in our terms of service.
How can I stay updated on the latest news and announcements from Tecnica Moon?,Stay connected with Tecnica Moon by following our official social media accounts and regularly checking our website's news and announcements section for the latest updates.
What are the flagship products currently offered by Tecnica Moon?,"Our flagship products include the prod1,prod2,prod3. These phones are known for their [mention key features, e.g., cutting-edge technology, impressive camera capabilities]"
Can you provide an overview of the different product categories Tecnica Moon offers?,"Tecnica Moon offers a diverse range of products, including smartphones.Explore our website for a complete catalog."
"Can I find phones with specific features, such as a large battery or high-resolution camera, in the Tecnica Moon lineup?","Absolutely! Tecnica Moon offers phones with a variety of features, including large battery capacities, high-resolution cameras, and more. Check the product specifications to find a model that suits your requirements."
Hello.,"Whether it's troubleshooting, product information, or general queries related to our product. I'm here to help!"
Hi there! Can you recommend a good Tecnica Moon phone for photography?,"Hi! Absolutely, for photography, I recommend the model X. It excels in [highlight camera features]. Anything else you'd like to know?"
Hi,"Hi, Whether it's troubleshooting, product information, or general queries related to our product. I'm here to help!"
Good morning,"Hi, Whether it's troubleshooting, product information, or general queries related to our product. I'm here to help!"
good afternoon,"Hi, Whether it's troubleshooting, product information, or general queries related to our product. I'm here to help!"
good night,"Hi, Whether it's troubleshooting, product information, or general queries related to our product. I'm here to help!"
bye,Bye
good bye,bye
